gene_effect	rna_expression_std	kras_allele	is_mutated	ARID1A	BCLAF1	FAT3	GPR98	HMCN1	KMT2C	LRP1B	PEG3	RNF43	RYR1	other_gene_col	SYNE1	TP53
-0.271	-0.118	1	FALSE	0	0	0	0	0	0	0	0	1	0	0	0	1
-0.274	1.175	1	FALSE	0	0	0	1	0	0	1	0	0	0	0	0	1
-0.550	0.532	1	FALSE	0	0	1	0	1	1	0	0	0	1	0	0	1
-0.982	1.191	0	FALSE	0	0	0	0	1	0	0	0	0	0	1	1	1
-0.486	0.100	1	FALSE	0	0	0	0	0	0	0	0	0	0	0	0	0
-0.921	0.174	0	FALSE	0	1	0	0	1	0	0	0	0	0	1	0	1
-0.781	0.313	0	FALSE	0	0	0	0	1	0	1	1	0	0	1	0	1
-0.920	0.054	1	FALSE	0	0	0	0	1	0	0	1	0	0	0	0	1
-0.950	0.528	0	FALSE	0	0	0	0	0	0	0	0	0	0	1	0	1
-0.484	0.777	1	FALSE	0	0	0	0	1	0	0	1	0	0	0	0	0
-0.662	0.168	0	FALSE	0	0	0	0	0	0	1	0	0	0	1	0	1
-0.448	0.348	1	FALSE	0	0	0	1	0	1	1	0	0	1	0	1	1
-0.388	1.376	1	FALSE	1	0	0	0	0	0	1	0	0	0	0	0	1
-0.150	-0.561	1	FALSE	0	0	0	0	0	1	0	0	0	0	0	0	1
-0.819	-1.960	0	FALSE	0	0	0	0	0	1	0	0	1	0	1	0	1
